1;9;1;0.009430727023319617;0.01851851851851852;0.01851851851851852;0.01851851851851852;0.01851851851851852;0.1111111111111111;0
1;14;2;0.01920438957475994;0.03703703703703703;0.03703703703703703;0.03703703703703703;0.03703703703703703;0.2222222222222222;0.125
1;23;1;0.009430727023319617;0.01851851851851852;0.01851851851851852;0.01851851851851852;0.01851851851851852;0.1111111111111111;0
1;26;1;0.009430727023319617;0.01851851851851852;0.01851851851851852;0.01851851851851852;0.01851851851851852;0.1111111111111111;0
1;61;1;0.009430727023319617;0.01851851851851852;0.01851851851851852;0.01851851851851852;0.01851851851851852;0.1111111111111111;0
1;62;3;0.02932098765432099;0.05555555555555555;0.05555555555555555;0.05555555555555555;0.05555555555555555;0.3333333333333333;0.25
1;64;1;0.009430727023319617;0.01851851851851852;0.01851851851851852;0.01851851851851852;0.01851851851851852;0.1111111111111111;0
1;86;1;0.009430727023319617;0.01851851851851852;0.01851851851851852;0.01851851851851852;0.01851851851851852;0.1111111111111111;0
1;96;1;0.009430727023319617;0.01851851851851852;0.01851851851851852;0.01851851851851852;0.01851851851851852;0.1111111111111111;0
1;100;1;0.009430727023319617;0.01851851851851852;0.01851851851851852;0.01851851851851852;0.01851851851851852;0.1111111111111111;0
1;101;9;0.09722222222222222;0.1666666666666667;0.1666666666666667;0.1666666666666667;0.1666666666666667;1;1
1;103;1;0.009430727023319617;0.01851851851851852;0.01851851851851852;0.01851851851851852;0.01851851851851852;0.1111111111111111;0
1;118;1;0.009430727023319617;0.01851851851851852;0.01851851851851852;0.01851851851851852;0.01851851851851852;0.1111111111111111;0
1;133;1;0.009430727023319617;0.01851851851851852;0.01851851851851852;0.01851851851851852;0.01851851851851852;0.1111111111111111;0
1;136;1;0.009430727023319617;0.01851851851851852;0.01851851851851852;0.01851851851851852;0.01851851851851852;0.1111111111111111;0
1;137;1;0.009430727023319617;0.01851851851851852;0.01851851851851852;0.01851851851851852;0.01851851851851852;0.1111111111111111;0
1;142;1;0.009430727023319617;0.01851851851851852;0.01851851851851852;0.01851851851851852;0.01851851851851852;0.1111111111111111;0
1;161;1;0.009430727023319617;0.01851851851851852;0.01851851851851852;0.01851851851851852;0.01851851851851852;0.1111111111111111;0
1;167;1;0.009430727023319617;0.01851851851851852;0.01851851851851852;0.01851851851851852;0.01851851851851852;0.1111111111111111;0
1;172;1;0.009430727023319617;0.01851851851851852;0.01851851851851852;0.01851851851851852;0.01851851851851852;0.1111111111111111;0
1;181;1;0.009430727023319617;0.01851851851851852;0.01851851851851852;0.01851851851851852;0.01851851851851852;0.1111111111111111;0
1;193;1;0.009430727023319617;0.01851851851851852;0.01851851851851852;0.01851851851851852;0.01851851851851852;0.1111111111111111;0
1;195;1;0.009430727023319617;0.01851851851851852;0.01851851851851852;0.01851851851851852;0.01851851851851852;0.1111111111111111;0
1;206;1;0.009430727023319617;0.01851851851851852;0.01851851851851852;0.01851851851851852;0.01851851851851852;0.1111111111111111;0
1;218;1;0.009430727023319617;0.01851851851851852;0.01851851851851852;0.01851851851851852;0.01851851851851852;0.1111111111111111;0
1;237;2;0.01920438957475994;0.03703703703703703;0.03703703703703703;0.03703703703703703;0.03703703703703703;0.2222222222222222;0.125
1;244;1;0.009430727023319617;0.01851851851851852;0.01851851851851852;0.01851851851851852;0.01851851851851852;0.1111111111111111;0
1;249;1;0.009430727023319617;0.01851851851851852;0.01851851851851852;0.01851851851851852;0.01851851851851852;0.1111111111111111;0
1;250;1;0.009430727023319617;0.01851851851851852;0.01851851851851852;0.01851851851851852;0.01851851851851852;0.1111111111111111;0
1;258;2;0.01920438957475994;0.03703703703703703;0.03703703703703703;0.03703703703703703;0.03703703703703703;0.2222222222222222;0.125
1;279;1;0.009430727023319617;0.01851851851851852;0.01851851851851852;0.01851851851851852;0.01851851851851852;0.1111111111111111;0
1;286;1;0.009430727023319617;0.01851851851851852;0.01851851851851852;0.01851851851851852;0.01851851851851852;0.1111111111111111;0
1;298;1;0.009430727023319617;0.01851851851851852;0.01851851851851852;0.01851851851851852;0.01851851851851852;0.1111111111111111;0
1;300;1;0.009430727023319617;0.01851851851851852;0.01851851851851852;0.01851851851851852;0.01851851851851852;0.1111111111111111;0
1;309;1;0.009430727023319617;0.01851851851851852;0.01851851851851852;0.01851851851851852;0.01851851851851852;0.1111111111111111;0
1;330;1;0.009430727023319617;0.01851851851851852;0.01851851851851852;0.01851851851851852;0.01851851851851852;0.1111111111111111;0
1;351;1;0.009430727023319617;0.01851851851851852;0.01851851851851852;0.01851851851851852;0.01851851851851852;0.1111111111111111;0
1;358;2;0.01920438957475994;0.03703703703703703;0.03703703703703703;0.03703703703703703;0.03703703703703703;0.2222222222222222;0.125
1;370;1;0.009430727023319617;0.01851851851851852;0.01851851851851852;0.01851851851851852;0.01851851851851852;0.1111111111111111;0
1;373;1;0.009430727023319617;0.01851851851851852;0.01851851851851852;0.01851851851851852;0.01851851851851852;0.1111111111111111;0
2;9;1;0.009430727023319617;0.01851851851851852;0.01851851851851852;0.01851851851851852;0.01851851851851852;0.25;0
2;16;1;0.009430727023319617;0.01851851851851852;0.01851851851851852;0.01851851851851852;0.01851851851851852;0.25;0
2;17;1;0.009430727023319617;0.01851851851851852;0.01851851851851852;0.01851851851851852;0.01851851851851852;0.25;0
2;24;1;0.009430727023319617;0.01851851851851852;0.01851851851851852;0.01851851851851852;0.01851851851851852;0.25;0
2;28;1;0.009430727023319617;0.01851851851851852;0.01851851851851852;0.01851851851851852;0.01851851851851852;0.25;0
2;63;1;0.009430727023319617;0.01851851851851852;0.01851851851851852;0.01851851851851852;0.01851851851851852;0.25;0
2;72;1;0.009430727023319617;0.01851851851851852;0.01851851851851852;0.01851851851851852;0.01851851851851852;0.25;0
2;77;2;0.01920438957475994;0.03703703703703703;0.03703703703703703;0.03703703703703703;0.03703703703703703;0.5;0.3333333333333333
2;90;1;0.009430727023319617;0.01851851851851852;0.01851851851851852;0.01851851851851852;0.01851851851851852;0.25;0
2;91;1;0.009430727023319617;0.01851851851851852;0.01851851851851852;0.01851851851851852;0.01851851851851852;0.25;0
2;96;4;0.03978052126200274;0.07407407407407407;0.07407407407407407;0.07407407407407407;0.07407407407407407;1;1
2;97;1;0.009430727023319617;0.01851851851851852;0.01851851851851852;0.01851851851851852;0.01851851851851852;0.25;0
2;98;2;0.01920438957475994;0.03703703703703703;0.03703703703703703;0.03703703703703703;0.03703703703703703;0.5;0.3333333333333333
2;99;1;0.009430727023319617;0.01851851851851852;0.01851851851851852;0.01851851851851852;0.01851851851851852;0.25;0
2;100;1;0.009430727023319617;0.01851851851851852;0.01851851851851852;0.01851851851851852;0.01851851851851852;0.25;0
2;103;1;0.009430727023319617;0.01851851851851852;0.01851851851851852;0.01851851851851852;0.01851851851851852;0.25;0
2;108;1;0.009430727023319617;0.01851851851851852;0.01851851851851852;0.01851851851851852;0.01851851851851852;0.25;0
2;114;2;0.01920438957475994;0.03703703703703703;0.03703703703703703;0.03703703703703703;0.03703703703703703;0.5;0.3333333333333333
2;116;1;0.009430727023319617;0.01851851851851852;0.01851851851851852;0.01851851851851852;0.01851851851851852;0.25;0
2;140;1;0.009430727023319617;0.01851851851851852;0.01851851851851852;0.01851851851851852;0.01851851851851852;0.25;0
2;143;1;0.009430727023319617;0.01851851851851852;0.01851851851851852;0.01851851851851852;0.01851851851851852;0.25;0
2;154;1;0.009430727023319617;0.01851851851851852;0.01851851851851852;0.01851851851851852;0.01851851851851852;0.25;0
2;174;1;0.009430727023319617;0.01851851851851852;0.01851851851851852;0.01851851851851852;0.01851851851851852;0.25;0
2;191;1;0.009430727023319617;0.01851851851851852;0.01851851851851852;0.01851851851851852;0.01851851851851852;0.25;0
2;202;1;0.009430727023319617;0.01851851851851852;0.01851851851851852;0.01851851851851852;0.01851851851851852;0.25;0
2;211;1;0.009430727023319617;0.01851851851851852;0.01851851851851852;0.01851851851851852;0.01851851851851852;0.25;0
2;215;2;0.01920438957475994;0.03703703703703703;0.03703703703703703;0.03703703703703703;0.03703703703703703;0.5;0.3333333333333333
2;222;1;0.009430727023319617;0.01851851851851852;0.01851851851851852;0.01851851851851852;0.01851851851851852;0.25;0
2;228;1;0.009430727023319617;0.01851851851851852;0.01851851851851852;0.01851851851851852;0.01851851851851852;0.25;0
2;238;1;0.009430727023319617;0.01851851851851852;0.01851851851851852;0.01851851851851852;0.01851851851851852;0.25;0
2;244;1;0.009430727023319617;0.01851851851851852;0.01851851851851852;0.01851851851851852;0.01851851851851852;0.25;0
2;254;1;0.009430727023319617;0.01851851851851852;0.01851851851851852;0.01851851851851852;0.01851851851851852;0.25;0
2;255;1;0.009430727023319617;0.01851851851851852;0.01851851851851852;0.01851851851851852;0.01851851851851852;0.25;0
2;256;1;0.009430727023319617;0.01851851851851852;0.01851851851851852;0.01851851851851852;0.01851851851851852;0.25;0
2;257;1;0.009430727023319617;0.01851851851851852;0.01851851851851852;0.01851851851851852;0.01851851851851852;0.25;0
2;261;1;0.009430727023319617;0.01851851851851852;0.01851851851851852;0.01851851851851852;0.01851851851851852;0.25;0
2;277;1;0.009430727023319617;0.01851851851851852;0.01851851851851852;0.01851851851851852;0.01851851851851852;0.25;0
2;296;1;0.009430727023319617;0.01851851851851852;0.01851851851851852;0.01851851851851852;0.01851851851851852;0.25;0
2;300;1;0.009430727023319617;0.01851851851851852;0.01851851851851852;0.01851851851851852;0.01851851851851852;0.25;0
2;301;1;0.009430727023319617;0.01851851851851852;0.01851851851851852;0.01851851851851852;0.01851851851851852;0.25;0
2;310;1;0.009430727023319617;0.01851851851851852;0.01851851851851852;0.01851851851851852;0.01851851851851852;0.25;0
2;333;1;0.009430727023319617;0.01851851851851852;0.01851851851851852;0.01851851851851852;0.01851851851851852;0.25;0
2;345;1;0.009430727023319617;0.01851851851851852;0.01851851851851852;0.01851851851851852;0.01851851851851852;0.25;0
2;363;1;0.009430727023319617;0.01851851851851852;0.01851851851851852;0.01851851851851852;0.01851851851851852;0.25;0
2;366;1;0.009430727023319617;0.01851851851851852;0.01851851851851852;0.01851851851851852;0.01851851851851852;0.25;0
2;378;1;0.009430727023319617;0.01851851851851852;0.01851851851851852;0.01851851851851852;0.01851851851851852;0.25;0
2;384;1;0.009430727023319617;0.01851851851851852;0.01851851851851852;0.01851851851851852;0.01851851851851852;0.25;0
3;4;1;0.009430727023319617;0.01851851851851852;0.01851851851851852;0.01851851851851852;0.01851851851851852;0.1666666666666667;0
3;7;4;0.03978052126200274;0.07407407407407407;0.07407407407407407;0.07407407407407407;0.07407407407407407;0.6666666666666666;0.6
3;8;2;0.01920438957475994;0.03703703703703703;0.03703703703703703;0.03703703703703703;0.03703703703703703;0.3333333333333333;0.2
3;9;6;0.06172839506172839;0.1111111111111111;0.1111111111111111;0.1111111111111111;0.1111111111111111;1;1
3;37;1;0.009430727023319617;0.01851851851851852;0.01851851851851852;0.01851851851851852;0.01851851851851852;0.1666666666666667;0
3;59;1;0.009430727023319617;0.01851851851851852;0.01851851851851852;0.01851851851851852;0.01851851851851852;0.1666666666666667;0
3;80;1;0.009430727023319617;0.01851851851851852;0.01851851851851852;0.01851851851851852;0.01851851851851852;0.1666666666666667;0
3;90;1;0.009430727023319617;0.01851851851851852;0.01851851851851852;0.01851851851851852;0.01851851851851852;0.1666666666666667;0
3;96;1;0.009430727023319617;0.01851851851851852;0.01851851851851852;0.01851851851851852;0.01851851851851852;0.1666666666666667;0
3;98;1;0.009430727023319617;0.01851851851851852;0.01851851851851852;0.01851851851851852;0.01851851851851852;0.1666666666666667;0
3;100;1;0.009430727023319617;0.01851851851851852;0.01851851851851852;0.01851851851851852;0.01851851851851852;0.1666666666666667;0
3;105;1;0.009430727023319617;0.01851851851851852;0.01851851851851852;0.01851851851851852;0.01851851851851852;0.1666666666666667;0
3;108;1;0.009430727023319617;0.01851851851851852;0.01851851851851852;0.01851851851851852;0.01851851851851852;0.1666666666666667;0
3;114;2;0.01920438957475994;0.03703703703703703;0.03703703703703703;0.03703703703703703;0.03703703703703703;0.3333333333333333;0.2
3;119;1;0.009430727023319617;0.01851851851851852;0.01851851851851852;0.01851851851851852;0.01851851851851852;0.1666666666666667;0
3;126;5;0.05058299039780521;0.09259259259259259;0.09259259259259259;0.09259259259259259;0.0925925925925926;0.8333333333333334;0.8000000000000002
3;139;1;0.009430727023319617;0.01851851851851852;0.01851851851851852;0.01851851851851852;0.01851851851851852;0.1666666666666667;0
3;145;1;0.009430727023319617;0.01851851851851852;0.01851851851851852;0.01851851851851852;0.01851851851851852;0.1666666666666667;0
3;146;1;0.009430727023319617;0.01851851851851852;0.01851851851851852;0.01851851851851852;0.01851851851851852;0.1666666666666667;0
3;147;1;0.009430727023319617;0.01851851851851852;0.01851851851851852;0.01851851851851852;0.01851851851851852;0.1666666666666667;0
3;155;1;0.009430727023319617;0.01851851851851852;0.01851851851851852;0.01851851851851852;0.01851851851851852;0.1666666666666667;0
3;167;1;0.009430727023319617;0.01851851851851852;0.01851851851851852;0.01851851851851852;0.01851851851851852;0.1666666666666667;0
3;231;1;0.009430727023319617;0.01851851851851852;0.01851851851851852;0.01851851851851852;0.01851851851851852;0.1666666666666667;0
3;239;1;0.009430727023319617;0.01851851851851852;0.01851851851851852;0.01851851851851852;0.01851851851851852;0.1666666666666667;0
3;261;2;0.01920438957475994;0.03703703703703703;0.03703703703703703;0.03703703703703703;0.03703703703703703;0.3333333333333333;0.2
3;264;1;0.009430727023319617;0.01851851851851852;0.01851851851851852;0.01851851851851852;0.01851851851851852;0.1666666666666667;0
3;282;1;0.009430727023319617;0.01851851851851852;0.01851851851851852;0.01851851851851852;0.01851851851851852;0.1666666666666667;0
3;290;1;0.009430727023319617;0.01851851851851852;0.01851851851851852;0.01851851851851852;0.01851851851851852;0.1666666666666667;0
3;291;1;0.009430727023319617;0.01851851851851852;0.01851851851851852;0.01851851851851852;0.01851851851851852;0.1666666666666667;0
3;293;1;0.009430727023319617;0.01851851851851852;0.01851851851851852;0.01851851851851852;0.01851851851851852;0.1666666666666667;0
3;294;2;0.01920438957475994;0.03703703703703703;0.03703703703703703;0.03703703703703703;0.03703703703703703;0.3333333333333333;0.2
3;300;1;0.009430727023319617;0.01851851851851852;0.01851851851851852;0.01851851851851852;0.01851851851851852;0.1666666666666667;0
3;317;1;0.009430727023319617;0.01851851851851852;0.01851851851851852;0.01851851851851852;0.01851851851851852;0.1666666666666667;0
3;323;1;0.009430727023319617;0.01851851851851852;0.01851851851851852;0.01851851851851852;0.01851851851851852;0.1666666666666667;0
3;325;1;0.009430727023319617;0.01851851851851852;0.01851851851851852;0.01851851851851852;0.01851851851851852;0.1666666666666667;0
3;355;1;0.009430727023319617;0.01851851851851852;0.01851851851851852;0.01851851851851852;0.01851851851851852;0.1666666666666667;0
3;379;1;0.009430727023319617;0.01851851851851852;0.01851851851851852;0.01851851851851852;0.01851851851851852;0.1666666666666667;0
3;381;1;0.009430727023319617;0.01851851851851852;0.01851851851851852;0.01851851851851852;0.01851851851851852;0.1666666666666667;0
4;2;1;0.009430727023319617;0.01851851851851852;0.01851851851851852;0.01851851851851852;0.01851851851851852;0.5;0
4;6;1;0.009430727023319617;0.01851851851851852;0.01851851851851852;0.01851851851851852;0.01851851851851852;0.5;0
4;7;2;0.01920438957475994;0.03703703703703703;0.03703703703703703;0.03703703703703703;0.03703703703703703;1;1
4;15;1;0.009430727023319617;0.01851851851851852;0.01851851851851852;0.01851851851851852;0.01851851851851852;0.5;0
4;17;1;0.009430727023319617;0.01851851851851852;0.01851851851851852;0.01851851851851852;0.01851851851851852;0.5;0
4;47;1;0.009430727023319617;0.01851851851851852;0.01851851851851852;0.01851851851851852;0.01851851851851852;0.5;0
4;55;1;0.009430727023319617;0.01851851851851852;0.01851851851851852;0.01851851851851852;0.01851851851851852;0.5;0
4;67;1;0.009430727023319617;0.01851851851851852;0.01851851851851852;0.01851851851851852;0.01851851851851852;0.5;0
4;78;1;0.009430727023319617;0.01851851851851852;0.01851851851851852;0.01851851851851852;0.01851851851851852;0.5;0
4;87;1;0.009430727023319617;0.01851851851851852;0.01851851851851852;0.01851851851851852;0.01851851851851852;0.5;0
4;88;1;0.009430727023319617;0.01851851851851852;0.01851851851851852;0.01851851851851852;0.01851851851851852;0.5;0
4;89;1;0.009430727023319617;0.01851851851851852;0.01851851851851852;0.01851851851851852;0.01851851851851852;0.5;0
4;92;2;0.01920438957475994;0.03703703703703703;0.03703703703703703;0.03703703703703703;0.03703703703703703;1;1
4;96;2;0.01920438957475994;0.03703703703703703;0.03703703703703703;0.03703703703703703;0.03703703703703703;1;1
4;98;2;0.01920438957475994;0.03703703703703703;0.03703703703703703;0.03703703703703703;0.03703703703703703;1;1
4;100;1;0.009430727023319617;0.01851851851851852;0.01851851851851852;0.01851851851851852;0.01851851851851852;0.5;0
4;120;1;0.009430727023319617;0.01851851851851852;0.01851851851851852;0.01851851851851852;0.01851851851851852;0.5;0
4;124;1;0.009430727023319617;0.01851851851851852;0.01851851851851852;0.01851851851851852;0.01851851851851852;0.5;0
4;126;1;0.009430727023319617;0.01851851851851852;0.01851851851851852;0.01851851851851852;0.01851851851851852;0.5;0
4;129;1;0.009430727023319617;0.01851851851851852;0.01851851851851852;0.01851851851851852;0.01851851851851852;0.5;0
4;133;1;0.009430727023319617;0.01851851851851852;0.01851851851851852;0.01851851851851852;0.01851851851851852;0.5;0
4;135;1;0.009430727023319617;0.01851851851851852;0.01851851851851852;0.01851851851851852;0.01851851851851852;0.5;0
4;176;2;0.01920438957475994;0.03703703703703703;0.03703703703703703;0.03703703703703703;0.03703703703703703;1;1
4;192;1;0.009430727023319617;0.01851851851851852;0.01851851851851852;0.01851851851851852;0.01851851851851852;0.5;0
4;219;1;0.009430727023319617;0.01851851851851852;0.01851851851851852;0.01851851851851852;0.01851851851851852;0.5;0
4;230;1;0.009430727023319617;0.01851851851851852;0.01851851851851852;0.01851851851851852;0.01851851851851852;0.5;0
4;232;1;0.009430727023319617;0.01851851851851852;0.01851851851851852;0.01851851851851852;0.01851851851851852;0.5;0
4;252;1;0.009430727023319617;0.01851851851851852;0.01851851851851852;0.01851851851851852;0.01851851851851852;0.5;0
4;256;1;0.009430727023319617;0.01851851851851852;0.01851851851851852;0.01851851851851852;0.01851851851851852;0.5;0
4;260;1;0.009430727023319617;0.01851851851851852;0.01851851851851852;0.01851851851851852;0.01851851851851852;0.5;0
4;276;1;0.009430727023319617;0.01851851851851852;0.01851851851851852;0.01851851851851852;0.01851851851851852;0.5;0
4;278;1;0.009430727023319617;0.01851851851851852;0.01851851851851852;0.01851851851851852;0.01851851851851852;0.5;0
4;280;1;0.009430727023319617;0.01851851851851852;0.01851851851851852;0.01851851851851852;0.01851851851851852;0.5;0
4;293;1;0.009430727023319617;0.01851851851851852;0.01851851851851852;0.01851851851851852;0.01851851851851852;0.5;0
4;294;2;0.01920438957475994;0.03703703703703703;0.03703703703703703;0.03703703703703703;0.03703703703703703;1;1
4;308;1;0.009430727023319617;0.01851851851851852;0.01851851851851852;0.01851851851851852;0.01851851851851852;0.5;0
4;316;2;0.01920438957475994;0.03703703703703703;0.03703703703703703;0.03703703703703703;0.03703703703703703;1;1
4;332;1;0.009430727023319617;0.01851851851851852;0.01851851851851852;0.01851851851851852;0.01851851851851852;0.5;0
4;336;1;0.009430727023319617;0.01851851851851852;0.01851851851851852;0.01851851851851852;0.01851851851851852;0.5;0
4;343;1;0.009430727023319617;0.01851851851851852;0.01851851851851852;0.01851851851851852;0.01851851851851852;0.5;0
4;347;1;0.009430727023319617;0.01851851851851852;0.01851851851851852;0.01851851851851852;0.01851851851851852;0.5;0
4;355;1;0.009430727023319617;0.01851851851851852;0.01851851851851852;0.01851851851851852;0.01851851851851852;0.5;0
4;356;1;0.009430727023319617;0.01851851851851852;0.01851851851851852;0.01851851851851852;0.01851851851851852;0.5;0
4;362;1;0.009430727023319617;0.01851851851851852;0.01851851851851852;0.01851851851851852;0.01851851851851852;0.5;0
4;363;1;0.009430727023319617;0.01851851851851852;0.01851851851851852;0.01851851851851852;0.01851851851851852;0.5;0
4;380;1;0.009430727023319617;0.01851851851851852;0.01851851851851852;0.01851851851851852;0.01851851851851852;0.5;0
4;387;1;0.009430727023319617;0.01851851851851852;0.01851851851851852;0.01851851851851852;0.01851851851851852;0.5;0
5;7;1;0.009430727023319617;0.01851851851851852;0.01851851851851852;0.01851851851851852;0.01851851851851852;0.3333333333333333;0
5;9;1;0.009430727023319617;0.01851851851851852;0.01851851851851852;0.01851851851851852;0.01851851851851852;0.3333333333333333;0
5;10;1;0.009430727023319617;0.01851851851851852;0.01851851851851852;0.01851851851851852;0.01851851851851852;0.3333333333333333;0
5;16;1;0.009430727023319617;0.01851851851851852;0.01851851851851852;0.01851851851851852;0.01851851851851852;0.3333333333333333;0
5;31;1;0.009430727023319617;0.01851851851851852;0.01851851851851852;0.01851851851851852;0.01851851851851852;0.3333333333333333;0
5;36;1;0.009430727023319617;0.01851851851851852;0.01851851851851852;0.01851851851851852;0.01851851851851852;0.3333333333333333;0
5;49;1;0.009430727023319617;0.01851851851851852;0.01851851851851852;0.01851851851851852;0.01851851851851852;0.3333333333333333;0
5;57;1;0.009430727023319617;0.01851851851851852;0.01851851851851852;0.01851851851851852;0.01851851851851852;0.3333333333333333;0
5;58;1;0.009430727023319617;0.01851851851851852;0.01851851851851852;0.01851851851851852;0.01851851851851852;0.3333333333333333;0
5;70;1;0.009430727023319617;0.01851851851851852;0.01851851851851852;0.01851851851851852;0.01851851851851852;0.3333333333333333;0
5;96;1;0.009430727023319617;0.01851851851851852;0.01851851851851852;0.01851851851851852;0.01851851851851852;0.3333333333333333;0
5;98;1;0.009430727023319617;0.01851851851851852;0.01851851851851852;0.01851851851851852;0.01851851851851852;0.3333333333333333;0
5;100;1;0.009430727023319617;0.01851851851851852;0.01851851851851852;0.01851851851851852;0.01851851851851852;0.3333333333333333;0
5;101;1;0.009430727023319617;0.01851851851851852;0.01851851851851852;0.01851851851851852;0.01851851851851852;0.3333333333333333;0
5;107;3;0.02932098765432099;0.05555555555555555;0.05555555555555555;0.05555555555555555;0.05555555555555555;1;1
5;108;1;0.009430727023319617;0.01851851851851852;0.01851851851851852;0.01851851851851852;0.01851851851851852;0.3333333333333333;0
5;112;1;0.009430727023319617;0.01851851851851852;0.01851851851851852;0.01851851851851852;0.01851851851851852;0.3333333333333333;0
5;113;1;0.009430727023319617;0.01851851851851852;0.01851851851851852;0.01851851851851852;0.01851851851851852;0.3333333333333333;0
5;114;1;0.009430727023319617;0.01851851851851852;0.01851851851851852;0.01851851851851852;0.01851851851851852;0.3333333333333333;0
5;115;1;0.009430727023319617;0.01851851851851852;0.01851851851851852;0.01851851851851852;0.01851851851851852;0.3333333333333333;0
5;117;1;0.009430727023319617;0.01851851851851852;0.01851851851851852;0.01851851851851852;0.01851851851851852;0.3333333333333333;0
5;135;1;0.009430727023319617;0.01851851851851852;0.01851851851851852;0.01851851851851852;0.01851851851851852;0.3333333333333333;0
5;148;1;0.009430727023319617;0.01851851851851852;0.01851851851851852;0.01851851851851852;0.01851851851851852;0.3333333333333333;0
5;150;1;0.009430727023319617;0.01851851851851852;0.01851851851851852;0.01851851851851852;0.01851851851851852;0.3333333333333333;0
5;151;1;0.009430727023319617;0.01851851851851852;0.01851851851851852;0.01851851851851852;0.01851851851851852;0.3333333333333333;0
5;154;1;0.009430727023319617;0.01851851851851852;0.01851851851851852;0.01851851851851852;0.01851851851851852;0.3333333333333333;0
5;160;1;0.009430727023319617;0.01851851851851852;0.01851851851851852;0.01851851851851852;0.01851851851851852;0.3333333333333333;0
5;173;1;0.009430727023319617;0.01851851851851852;0.01851851851851852;0.01851851851851852;0.01851851851851852;0.3333333333333333;0
5;185;2;0.01920438957475994;0.03703703703703703;0.03703703703703703;0.03703703703703703;0.03703703703703703;0.6666666666666666;0.5
5;190;1;0.009430727023319617;0.01851851851851852;0.01851851851851852;0.01851851851851852;0.01851851851851852;0.3333333333333333;0
5;219;1;0.009430727023319617;0.01851851851851852;0.01851851851851852;0.01851851851851852;0.01851851851851852;0.3333333333333333;0
5;230;1;0.009430727023319617;0.01851851851851852;0.01851851851851852;0.01851851851851852;0.01851851851851852;0.3333333333333333;0
5;237;1;0.009430727023319617;0.01851851851851852;0.01851851851851852;0.01851851851851852;0.01851851851851852;0.3333333333333333;0
5;255;1;0.009430727023319617;0.01851851851851852;0.01851851851851852;0.01851851851851852;0.01851851851851852;0.3333333333333333;0
5;259;1;0.009430727023319617;0.01851851851851852;0.01851851851851852;0.01851851851851852;0.01851851851851852;0.3333333333333333;0
5;266;1;0.009430727023319617;0.01851851851851852;0.01851851851851852;0.01851851851851852;0.01851851851851852;0.3333333333333333;0
5;267;1;0.009430727023319617;0.01851851851851852;0.01851851851851852;0.01851851851851852;0.01851851851851852;0.3333333333333333;0
5;279;1;0.009430727023319617;0.01851851851851852;0.01851851851851852;0.01851851851851852;0.01851851851851852;0.3333333333333333;0
5;294;1;0.009430727023319617;0.01851851851851852;0.01851851851851852;0.01851851851851852;0.01851851851851852;0.3333333333333333;0
5;295;1;0.009430727023319617;0.01851851851851852;0.01851851851851852;0.01851851851851852;0.01851851851851852;0.3333333333333333;0
5;297;1;0.009430727023319617;0.01851851851851852;0.01851851851851852;0.01851851851851852;0.01851851851851852;0.3333333333333333;0
5;323;1;0.009430727023319617;0.01851851851851852;0.01851851851851852;0.01851851851851852;0.01851851851851852;0.3333333333333333;0
5;334;1;0.009430727023319617;0.01851851851851852;0.01851851851851852;0.01851851851851852;0.01851851851851852;0.3333333333333333;0
5;363;1;0.009430727023319617;0.01851851851851852;0.01851851851851852;0.01851851851851852;0.01851851851851852;0.3333333333333333;0
5;367;3;0.02932098765432099;0.05555555555555555;0.05555555555555555;0.05555555555555555;0.05555555555555555;1;1
5;372;3;0.02932098765432099;0.05555555555555555;0.05555555555555555;0.05555555555555555;0.05555555555555555;1;1
5;381;1;0.009430727023319617;0.01851851851851852;0.01851851851851852;0.01851851851851852;0.01851851851851852;0.3333333333333333;0
6;1;1;0.009430727023319617;0.01851851851851852;0.01851851851851852;0.01851851851851852;0.01851851851851852;0.1666666666666667;0
6;3;1;0.009430727023319617;0.01851851851851852;0.01851851851851852;0.01851851851851852;0.01851851851851852;0.1666666666666667;0
6;5;1;0.009430727023319617;0.01851851851851852;0.01851851851851852;0.01851851851851852;0.01851851851851852;0.1666666666666667;0
6;12;1;0.009430727023319617;0.01851851851851852;0.01851851851851852;0.01851851851851852;0.01851851851851852;0.1666666666666667;0
6;18;1;0.009430727023319617;0.01851851851851852;0.01851851851851852;0.01851851851851852;0.01851851851851852;0.1666666666666667;0
6;31;6;0.06172839506172839;0.1111111111111111;0.1111111111111111;0.1111111111111111;0.1111111111111111;1;1
6;32;1;0.009430727023319617;0.01851851851851852;0.01851851851851852;0.01851851851851852;0.01851851851851852;0.1666666666666667;0
6;33;2;0.01920438957475994;0.03703703703703703;0.03703703703703703;0.03703703703703703;0.03703703703703703;0.3333333333333333;0.2
6;34;1;0.009430727023319617;0.01851851851851852;0.01851851851851852;0.01851851851851852;0.01851851851851852;0.1666666666666667;0
6;39;1;0.009430727023319617;0.01851851851851852;0.01851851851851852;0.01851851851851852;0.01851851851851852;0.1666666666666667;0
6;76;1;0.009430727023319617;0.01851851851851852;0.01851851851851852;0.01851851851851852;0.01851851851851852;0.1666666666666667;0
6;100;3;0.02932098765432099;0.05555555555555555;0.05555555555555555;0.05555555555555555;0.05555555555555555;0.5;0.4000000000000001
6;104;1;0.009430727023319617;0.01851851851851852;0.01851851851851852;0.01851851851851852;0.01851851851851852;0.1666666666666667;0
6;108;1;0.009430727023319617;0.01851851851851852;0.01851851851851852;0.01851851851851852;0.01851851851851852;0.1666666666666667;0
6;114;1;0.009430727023319617;0.01851851851851852;0.01851851851851852;0.01851851851851852;0.01851851851851852;0.1666666666666667;0
6;123;1;0.009430727023319617;0.01851851851851852;0.01851851851851852;0.01851851851851852;0.01851851851851852;0.1666666666666667;0
6;126;1;0.009430727023319617;0.01851851851851852;0.01851851851851852;0.01851851851851852;0.01851851851851852;0.1666666666666667;0
6;134;1;0.009430727023319617;0.01851851851851852;0.01851851851851852;0.01851851851851852;0.01851851851851852;0.1666666666666667;0
6;136;2;0.01920438957475994;0.03703703703703703;0.03703703703703703;0.03703703703703703;0.03703703703703703;0.3333333333333333;0.2
6;147;1;0.009430727023319617;0.01851851851851852;0.01851851851851852;0.01851851851851852;0.01851851851851852;0.1666666666666667;0
6;152;1;0.009430727023319617;0.01851851851851852;0.01851851851851852;0.01851851851851852;0.01851851851851852;0.1666666666666667;0
6;153;1;0.009430727023319617;0.01851851851851852;0.01851851851851852;0.01851851851851852;0.01851851851851852;0.1666666666666667;0
6;164;1;0.009430727023319617;0.01851851851851852;0.01851851851851852;0.01851851851851852;0.01851851851851852;0.1666666666666667;0
6;176;1;0.009430727023319617;0.01851851851851852;0.01851851851851852;0.01851851851851852;0.01851851851851852;0.1666666666666667;0
6;185;2;0.01920438957475994;0.03703703703703703;0.03703703703703703;0.03703703703703703;0.03703703703703703;0.3333333333333333;0.2
6;190;1;0.009430727023319617;0.01851851851851852;0.01851851851851852;0.01851851851851852;0.01851851851851852;0.1666666666666667;0
6;205;1;0.009430727023319617;0.01851851851851852;0.01851851851851852;0.01851851851851852;0.01851851851851852;0.1666666666666667;0
6;236;1;0.009430727023319617;0.01851851851851852;0.01851851851851852;0.01851851851851852;0.01851851851851852;0.1666666666666667;0
6;244;1;0.009430727023319617;0.01851851851851852;0.01851851851851852;0.01851851851851852;0.01851851851851852;0.1666666666666667;0
6;251;1;0.009430727023319617;0.01851851851851852;0.01851851851851852;0.01851851851851852;0.01851851851851852;0.1666666666666667;0
6;255;1;0.009430727023319617;0.01851851851851852;0.01851851851851852;0.01851851851851852;0.01851851851851852;0.1666666666666667;0
6;261;1;0.009430727023319617;0.01851851851851852;0.01851851851851852;0.01851851851851852;0.01851851851851852;0.1666666666666667;0
6;274;1;0.009430727023319617;0.01851851851851852;0.01851851851851852;0.01851851851851852;0.01851851851851852;0.1666666666666667;0
6;284;1;0.009430727023319617;0.01851851851851852;0.01851851851851852;0.01851851851851852;0.01851851851851852;0.1666666666666667;0
6;289;1;0.009430727023319617;0.01851851851851852;0.01851851851851852;0.01851851851851852;0.01851851851851852;0.1666666666666667;0
6;291;1;0.009430727023319617;0.01851851851851852;0.01851851851851852;0.01851851851851852;0.01851851851851852;0.1666666666666667;0
6;293;2;0.01920438957475994;0.03703703703703703;0.03703703703703703;0.03703703703703703;0.03703703703703703;0.3333333333333333;0.2
6;315;1;0.009430727023319617;0.01851851851851852;0.01851851851851852;0.01851851851851852;0.01851851851851852;0.1666666666666667;0
6;322;1;0.009430727023319617;0.01851851851851852;0.01851851851851852;0.01851851851851852;0.01851851851851852;0.1666666666666667;0
6;346;1;0.009430727023319617;0.01851851851851852;0.01851851851851852;0.01851851851851852;0.01851851851851852;0.1666666666666667;0
6;360;1;0.009430727023319617;0.01851851851851852;0.01851851851851852;0.01851851851851852;0.01851851851851852;0.1666666666666667;0
6;371;1;0.009430727023319617;0.01851851851851852;0.01851851851851852;0.01851851851851852;0.01851851851851852;0.1666666666666667;0
6;375;1;0.009430727023319617;0.01851851851851852;0.01851851851851852;0.01851851851851852;0.01851851851851852;0.1666666666666667;0
7;7;2;0.01920438957475994;0.03703703703703703;0.03703703703703703;0.03703703703703703;0.03703703703703703;0.5;0.3333333333333333
7;11;1;0.009430727023319617;0.01851851851851852;0.01851851851851852;0.01851851851851852;0.01851851851851852;0.25;0
7;17;1;0.009430727023319617;0.01851851851851852;0.01851851851851852;0.01851851851851852;0.01851851851851852;0.25;0
7;21;1;0.009430727023319617;0.01851851851851852;0.01851851851851852;0.01851851851851852;0.01851851851851852;0.25;0
7;29;1;0.009430727023319617;0.01851851851851852;0.01851851851851852;0.01851851851851852;0.01851851851851852;0.25;0
7;30;2;0.01920438957475994;0.03703703703703703;0.03703703703703703;0.03703703703703703;0.03703703703703703;0.5;0.3333333333333333
7;36;1;0.009430727023319617;0.01851851851851852;0.01851851851851852;0.01851851851851852;0.01851851851851852;0.25;0
7;38;1;0.009430727023319617;0.01851851851851852;0.01851851851851852;0.01851851851851852;0.01851851851851852;0.25;0
7;60;1;0.009430727023319617;0.01851851851851852;0.01851851851851852;0.01851851851851852;0.01851851851851852;0.25;0
7;63;1;0.009430727023319617;0.01851851851851852;0.01851851851851852;0.01851851851851852;0.01851851851851852;0.25;0
7;69;1;0.009430727023319617;0.01851851851851852;0.01851851851851852;0.01851851851851852;0.01851851851851852;0.25;0
7;75;1;0.009430727023319617;0.01851851851851852;0.01851851851851852;0.01851851851851852;0.01851851851851852;0.25;0
7;77;2;0.01920438957475994;0.03703703703703703;0.03703703703703703;0.03703703703703703;0.03703703703703703;0.5;0.3333333333333333
7;96;1;0.009430727023319617;0.01851851851851852;0.01851851851851852;0.01851851851851852;0.01851851851851852;0.25;0
7;100;1;0.009430727023319617;0.01851851851851852;0.01851851851851852;0.01851851851851852;0.01851851851851852;0.25;0
7;104;2;0.01920438957475994;0.03703703703703703;0.03703703703703703;0.03703703703703703;0.03703703703703703;0.5;0.3333333333333333
7;110;1;0.009430727023319617;0.01851851851851852;0.01851851851851852;0.01851851851851852;0.01851851851851852;0.25;0
7;117;1;0.009430727023319617;0.01851851851851852;0.01851851851851852;0.01851851851851852;0.01851851851851852;0.25;0
7;120;1;0.009430727023319617;0.01851851851851852;0.01851851851851852;0.01851851851851852;0.01851851851851852;0.25;0
7;126;1;0.009430727023319617;0.01851851851851852;0.01851851851851852;0.01851851851851852;0.01851851851851852;0.25;0
7;132;1;0.009430727023319617;0.01851851851851852;0.01851851851851852;0.01851851851851852;0.01851851851851852;0.25;0
7;156;1;0.009430727023319617;0.01851851851851852;0.01851851851851852;0.01851851851851852;0.01851851851851852;0.25;0
7;157;1;0.009430727023319617;0.01851851851851852;0.01851851851851852;0.01851851851851852;0.01851851851851852;0.25;0
7;183;1;0.009430727023319617;0.01851851851851852;0.01851851851851852;0.01851851851851852;0.01851851851851852;0.25;0
7;185;1;0.009430727023319617;0.01851851851851852;0.01851851851851852;0.01851851851851852;0.01851851851851852;0.25;0
7;188;1;0.009430727023319617;0.01851851851851852;0.01851851851851852;0.01851851851851852;0.01851851851851852;0.25;0
7;189;1;0.009430727023319617;0.01851851851851852;0.01851851851851852;0.01851851851851852;0.01851851851851852;0.25;0
7;200;4;0.03978052126200274;0.07407407407407407;0.07407407407407407;0.07407407407407407;0.07407407407407407;1;1
7;213;1;0.009430727023319617;0.01851851851851852;0.01851851851851852;0.01851851851851852;0.01851851851851852;0.25;0
7;220;1;0.009430727023319617;0.01851851851851852;0.01851851851851852;0.01851851851851852;0.01851851851851852;0.25;0
7;233;1;0.009430727023319617;0.01851851851851852;0.01851851851851852;0.01851851851851852;0.01851851851851852;0.25;0
7;234;1;0.009430727023319617;0.01851851851851852;0.01851851851851852;0.01851851851851852;0.01851851851851852;0.25;0
7;244;1;0.009430727023319617;0.01851851851851852;0.01851851851851852;0.01851851851851852;0.01851851851851852;0.25;0
7;247;1;0.009430727023319617;0.01851851851851852;0.01851851851851852;0.01851851851851852;0.01851851851851852;0.25;0
7;255;1;0.009430727023319617;0.01851851851851852;0.01851851851851852;0.01851851851851852;0.01851851851851852;0.25;0
7;260;1;0.009430727023319617;0.01851851851851852;0.01851851851851852;0.01851851851851852;0.01851851851851852;0.25;0
7;261;1;0.009430727023319617;0.01851851851851852;0.01851851851851852;0.01851851851851852;0.01851851851851852;0.25;0
7;262;1;0.009430727023319617;0.01851851851851852;0.01851851851851852;0.01851851851851852;0.01851851851851852;0.25;0
7;270;1;0.009430727023319617;0.01851851851851852;0.01851851851851852;0.01851851851851852;0.01851851851851852;0.25;0
7;271;1;0.009430727023319617;0.01851851851851852;0.01851851851851852;0.01851851851851852;0.01851851851851852;0.25;0
7;283;1;0.009430727023319617;0.01851851851851852;0.01851851851851852;0.01851851851851852;0.01851851851851852;0.25;0
7;288;1;0.009430727023319617;0.01851851851851852;0.01851851851851852;0.01851851851851852;0.01851851851851852;0.25;0
7;315;1;0.009430727023319617;0.01851851851851852;0.01851851851851852;0.01851851851851852;0.01851851851851852;0.25;0
7;318;1;0.009430727023319617;0.01851851851851852;0.01851851851851852;0.01851851851851852;0.01851851851851852;0.25;0
7;321;2;0.01920438957475994;0.03703703703703703;0.03703703703703703;0.03703703703703703;0.03703703703703703;0.5;0.3333333333333333
7;386;1;0.009430727023319617;0.01851851851851852;0.01851851851851852;0.01851851851851852;0.01851851851851852;0.25;0
8;7;1;0.009430727023319617;0.01851851851851852;0.01851851851851852;0.01851851851851852;0.01851851851851852;0.25;0
8;19;1;0.009430727023319617;0.01851851851851852;0.01851851851851852;0.01851851851851852;0.01851851851851852;0.25;0
8;45;1;0.009430727023319617;0.01851851851851852;0.01851851851851852;0.01851851851851852;0.01851851851851852;0.25;0
8;56;1;0.009430727023319617;0.01851851851851852;0.01851851851851852;0.01851851851851852;0.01851851851851852;0.25;0
8;71;1;0.009430727023319617;0.01851851851851852;0.01851851851851852;0.01851851851851852;0.01851851851851852;0.25;0
8;73;1;0.009430727023319617;0.01851851851851852;0.01851851851851852;0.01851851851851852;0.01851851851851852;0.25;0
8;77;1;0.009430727023319617;0.01851851851851852;0.01851851851851852;0.01851851851851852;0.01851851851851852;0.25;0
8;81;1;0.009430727023319617;0.01851851851851852;0.01851851851851852;0.01851851851851852;0.01851851851851852;0.25;0
8;96;1;0.009430727023319617;0.01851851851851852;0.01851851851851852;0.01851851851851852;0.01851851851851852;0.25;0
8;100;4;0.03978052126200274;0.07407407407407407;0.07407407407407407;0.07407407407407407;0.07407407407407407;1;1
8;101;1;0.009430727023319617;0.01851851851851852;0.01851851851851852;0.01851851851851852;0.01851851851851852;0.25;0
8;104;2;0.01920438957475994;0.03703703703703703;0.03703703703703703;0.03703703703703703;0.03703703703703703;0.5;0.3333333333333333
8;111;1;0.009430727023319617;0.01851851851851852;0.01851851851851852;0.01851851851851852;0.01851851851851852;0.25;0
8;117;1;0.009430727023319617;0.01851851851851852;0.01851851851851852;0.01851851851851852;0.01851851851851852;0.25;0
8;119;1;0.009430727023319617;0.01851851851851852;0.01851851851851852;0.01851851851851852;0.01851851851851852;0.25;0
8;135;1;0.009430727023319617;0.01851851851851852;0.01851851851851852;0.01851851851851852;0.01851851851851852;0.25;0
8;136;1;0.009430727023319617;0.01851851851851852;0.01851851851851852;0.01851851851851852;0.01851851851851852;0.25;0
8;169;1;0.009430727023319617;0.01851851851851852;0.01851851851851852;0.01851851851851852;0.01851851851851852;0.25;0
8;179;1;0.009430727023319617;0.01851851851851852;0.01851851851851852;0.01851851851851852;0.01851851851851852;0.25;0
8;208;1;0.009430727023319617;0.01851851851851852;0.01851851851851852;0.01851851851851852;0.01851851851851852;0.25;0
8;209;1;0.009430727023319617;0.01851851851851852;0.01851851851851852;0.01851851851851852;0.01851851851851852;0.25;0
8;216;1;0.009430727023319617;0.01851851851851852;0.01851851851851852;0.01851851851851852;0.01851851851851852;0.25;0
8;225;1;0.009430727023319617;0.01851851851851852;0.01851851851851852;0.01851851851851852;0.01851851851851852;0.25;0
8;227;2;0.01920438957475994;0.03703703703703703;0.03703703703703703;0.03703703703703703;0.03703703703703703;0.5;0.3333333333333333
8;229;1;0.009430727023319617;0.01851851851851852;0.01851851851851852;0.01851851851851852;0.01851851851851852;0.25;0
8;230;1;0.009430727023319617;0.01851851851851852;0.01851851851851852;0.01851851851851852;0.01851851851851852;0.25;0
8;237;1;0.009430727023319617;0.01851851851851852;0.01851851851851852;0.01851851851851852;0.01851851851851852;0.25;0
8;254;2;0.01920438957475994;0.03703703703703703;0.03703703703703703;0.03703703703703703;0.03703703703703703;0.5;0.3333333333333333
8;255;3;0.02932098765432099;0.05555555555555555;0.05555555555555555;0.05555555555555555;0.05555555555555555;0.75;0.6666666666666666
8;256;2;0.01920438957475994;0.03703703703703703;0.03703703703703703;0.03703703703703703;0.03703703703703703;0.5;0.3333333333333333
8;269;1;0.009430727023319617;0.01851851851851852;0.01851851851851852;0.01851851851851852;0.01851851851851852;0.25;0
8;270;3;0.02932098765432099;0.05555555555555555;0.05555555555555555;0.05555555555555555;0.05555555555555555;0.75;0.6666666666666666
8;272;1;0.009430727023319617;0.01851851851851852;0.01851851851851852;0.01851851851851852;0.01851851851851852;0.25;0
8;281;1;0.009430727023319617;0.01851851851851852;0.01851851851851852;0.01851851851851852;0.01851851851851852;0.25;0
8;315;1;0.009430727023319617;0.01851851851851852;0.01851851851851852;0.01851851851851852;0.01851851851851852;0.25;0
8;320;1;0.009430727023319617;0.01851851851851852;0.01851851851851852;0.01851851851851852;0.01851851851851852;0.25;0
8;329;1;0.009430727023319617;0.01851851851851852;0.01851851851851852;0.01851851851851852;0.01851851851851852;0.25;0
8;335;1;0.009430727023319617;0.01851851851851852;0.01851851851851852;0.01851851851851852;0.01851851851851852;0.25;0
8;337;1;0.009430727023319617;0.01851851851851852;0.01851851851851852;0.01851851851851852;0.01851851851851852;0.25;0
8;341;1;0.009430727023319617;0.01851851851851852;0.01851851851851852;0.01851851851851852;0.01851851851851852;0.25;0
8;342;1;0.009430727023319617;0.01851851851851852;0.01851851851851852;0.01851851851851852;0.01851851851851852;0.25;0
8;365;1;0.009430727023319617;0.01851851851851852;0.01851851851851852;0.01851851851851852;0.01851851851851852;0.25;0
8;374;1;0.009430727023319617;0.01851851851851852;0.01851851851851852;0.01851851851851852;0.01851851851851852;0.25;0
9;25;1;0.009430727023319617;0.01851851851851852;0.01851851851851852;0.01851851851851852;0.01851851851851852;0.25;0
9;27;1;0.009430727023319617;0.01851851851851852;0.01851851851851852;0.01851851851851852;0.01851851851851852;0.25;0
9;31;1;0.009430727023319617;0.01851851851851852;0.01851851851851852;0.01851851851851852;0.01851851851851852;0.25;0
9;41;1;0.009430727023319617;0.01851851851851852;0.01851851851851852;0.01851851851851852;0.01851851851851852;0.25;0
9;43;1;0.009430727023319617;0.01851851851851852;0.01851851851851852;0.01851851851851852;0.01851851851851852;0.25;0
9;44;1;0.009430727023319617;0.01851851851851852;0.01851851851851852;0.01851851851851852;0.01851851851851852;0.25;0
9;48;1;0.009430727023319617;0.01851851851851852;0.01851851851851852;0.01851851851851852;0.01851851851851852;0.25;0
9;50;1;0.009430727023319617;0.01851851851851852;0.01851851851851852;0.01851851851851852;0.01851851851851852;0.25;0
9;77;1;0.009430727023319617;0.01851851851851852;0.01851851851851852;0.01851851851851852;0.01851851851851852;0.25;0
9;88;1;0.009430727023319617;0.01851851851851852;0.01851851851851852;0.01851851851851852;0.01851851851851852;0.25;0
9;100;2;0.01920438957475994;0.03703703703703703;0.03703703703703703;0.03703703703703703;0.03703703703703703;0.5;0.3333333333333333
9;103;1;0.009430727023319617;0.01851851851851852;0.01851851851851852;0.01851851851851852;0.01851851851851852;0.25;0
9;104;1;0.009430727023319617;0.01851851851851852;0.01851851851851852;0.01851851851851852;0.01851851851851852;0.25;0
9;120;1;0.009430727023319617;0.01851851851851852;0.01851851851851852;0.01851851851851852;0.01851851851851852;0.25;0
9;123;1;0.009430727023319617;0.01851851851851852;0.01851851851851852;0.01851851851851852;0.01851851851851852;0.25;0
9;131;1;0.009430727023319617;0.01851851851851852;0.01851851851851852;0.01851851851851852;0.01851851851851852;0.25;0
9;176;1;0.009430727023319617;0.01851851851851852;0.01851851851851852;0.01851851851851852;0.01851851851851852;0.25;0
9;178;1;0.009430727023319617;0.01851851851851852;0.01851851851851852;0.01851851851851852;0.01851851851851852;0.25;0
9;185;1;0.009430727023319617;0.01851851851851852;0.01851851851851852;0.01851851851851852;0.01851851851851852;0.25;0
9;203;1;0.009430727023319617;0.01851851851851852;0.01851851851851852;0.01851851851851852;0.01851851851851852;0.25;0
9;204;1;0.009430727023319617;0.01851851851851852;0.01851851851851852;0.01851851851851852;0.01851851851851852;0.25;0
9;210;2;0.01920438957475994;0.03703703703703703;0.03703703703703703;0.03703703703703703;0.03703703703703703;0.5;0.3333333333333333
9;226;1;0.009430727023319617;0.01851851851851852;0.01851851851851852;0.01851851851851852;0.01851851851851852;0.25;0
9;238;3;0.02932098765432099;0.05555555555555555;0.05555555555555555;0.05555555555555555;0.05555555555555555;0.75;0.6666666666666666
9;241;1;0.009430727023319617;0.01851851851851852;0.01851851851851852;0.01851851851851852;0.01851851851851852;0.25;0
9;246;1;0.009430727023319617;0.01851851851851852;0.01851851851851852;0.01851851851851852;0.01851851851851852;0.25;0
9;255;1;0.009430727023319617;0.01851851851851852;0.01851851851851852;0.01851851851851852;0.01851851851851852;0.25;0
9;259;1;0.009430727023319617;0.01851851851851852;0.01851851851851852;0.01851851851851852;0.01851851851851852;0.25;0
9;265;1;0.009430727023319617;0.01851851851851852;0.01851851851851852;0.01851851851851852;0.01851851851851852;0.25;0
9;266;1;0.009430727023319617;0.01851851851851852;0.01851851851851852;0.01851851851851852;0.01851851851851852;0.25;0
9;292;1;0.009430727023319617;0.01851851851851852;0.01851851851851852;0.01851851851851852;0.01851851851851852;0.25;0
9;295;1;0.009430727023319617;0.01851851851851852;0.01851851851851852;0.01851851851851852;0.01851851851851852;0.25;0
9;300;1;0.009430727023319617;0.01851851851851852;0.01851851851851852;0.01851851851851852;0.01851851851851852;0.25;0
9;301;1;0.009430727023319617;0.01851851851851852;0.01851851851851852;0.01851851851851852;0.01851851851851852;0.25;0
9;306;1;0.009430727023319617;0.01851851851851852;0.01851851851851852;0.01851851851851852;0.01851851851851852;0.25;0
9;307;1;0.009430727023319617;0.01851851851851852;0.01851851851851852;0.01851851851851852;0.01851851851851852;0.25;0
9;315;4;0.03978052126200274;0.07407407407407407;0.07407407407407407;0.07407407407407407;0.07407407407407407;1;1
9;322;1;0.009430727023319617;0.01851851851851852;0.01851851851851852;0.01851851851851852;0.01851851851851852;0.25;0
9;326;1;0.009430727023319617;0.01851851851851852;0.01851851851851852;0.01851851851851852;0.01851851851851852;0.25;0
9;340;1;0.009430727023319617;0.01851851851851852;0.01851851851851852;0.01851851851851852;0.01851851851851852;0.25;0
9;342;1;0.009430727023319617;0.01851851851851852;0.01851851851851852;0.01851851851851852;0.01851851851851852;0.25;0
9;354;1;0.009430727023319617;0.01851851851851852;0.01851851851851852;0.01851851851851852;0.01851851851851852;0.25;0
9;356;1;0.009430727023319617;0.01851851851851852;0.01851851851851852;0.01851851851851852;0.01851851851851852;0.25;0
9;358;1;0.009430727023319617;0.01851851851851852;0.01851851851851852;0.01851851851851852;0.01851851851851852;0.25;0
9;372;1;0.009430727023319617;0.01851851851851852;0.01851851851851852;0.01851851851851852;0.01851851851851852;0.25;0
9;373;1;0.009430727023319617;0.01851851851851852;0.01851851851851852;0.01851851851851852;0.01851851851851852;0.25;0
9;382;1;0.009430727023319617;0.01851851851851852;0.01851851851851852;0.01851851851851852;0.01851851851851852;0.25;0
10;9;1;0.009430727023319617;0.01851851851851852;0.01851851851851852;0.01851851851851852;0.01851851851851852;0.2;0
10;22;1;0.009430727023319617;0.01851851851851852;0.01851851851851852;0.01851851851851852;0.01851851851851852;0.2;0
10;35;1;0.009430727023319617;0.01851851851851852;0.01851851851851852;0.01851851851851852;0.01851851851851852;0.2;0
10;42;1;0.009430727023319617;0.01851851851851852;0.01851851851851852;0.01851851851851852;0.01851851851851852;0.2;0
10;62;1;0.009430727023319617;0.01851851851851852;0.01851851851851852;0.01851851851851852;0.01851851851851852;0.2;0
10;65;1;0.009430727023319617;0.01851851851851852;0.01851851851851852;0.01851851851851852;0.01851851851851852;0.2;0
10;66;1;0.009430727023319617;0.01851851851851852;0.01851851851851852;0.01851851851851852;0.01851851851851852;0.2;0
10;85;1;0.009430727023319617;0.01851851851851852;0.01851851851851852;0.01851851851851852;0.01851851851851852;0.2;0
10;93;4;0.03978052126200274;0.07407407407407407;0.07407407407407407;0.07407407407407407;0.07407407407407407;0.8000000000000002;0.75
10;96;2;0.01920438957475994;0.03703703703703703;0.03703703703703703;0.03703703703703703;0.03703703703703703;0.4000000000000001;0.25
10;100;4;0.03978052126200274;0.07407407407407407;0.07407407407407407;0.07407407407407407;0.07407407407407407;0.8000000000000002;0.75
10;101;5;0.05058299039780521;0.09259259259259259;0.09259259259259259;0.09259259259259259;0.0925925925925926;1;1
10;102;1;0.009430727023319617;0.01851851851851852;0.01851851851851852;0.01851851851851852;0.01851851851851852;0.2;0
10;114;3;0.02932098765432099;0.05555555555555555;0.05555555555555555;0.05555555555555555;0.05555555555555555;0.6;0.5
10;119;1;0.009430727023319617;0.01851851851851852;0.01851851851851852;0.01851851851851852;0.01851851851851852;0.2;0
10;125;1;0.009430727023319617;0.01851851851851852;0.01851851851851852;0.01851851851851852;0.01851851851851852;0.2;0
10;128;1;0.009430727023319617;0.01851851851851852;0.01851851851851852;0.01851851851851852;0.01851851851851852;0.2;0
10;141;1;0.009430727023319617;0.01851851851851852;0.01851851851851852;0.01851851851851852;0.01851851851851852;0.2;0
10;176;2;0.01920438957475994;0.03703703703703703;0.03703703703703703;0.03703703703703703;0.03703703703703703;0.4000000000000001;0.25
10;182;1;0.009430727023319617;0.01851851851851852;0.01851851851851852;0.01851851851851852;0.01851851851851852;0.2;0
10;186;1;0.009430727023319617;0.01851851851851852;0.01851851851851852;0.01851851851851852;0.01851851851851852;0.2;0
10;207;1;0.009430727023319617;0.01851851851851852;0.01851851851851852;0.01851851851851852;0.01851851851851852;0.2;0
10;221;1;0.009430727023319617;0.01851851851851852;0.01851851851851852;0.01851851851851852;0.01851851851851852;0.2;0
10;238;1;0.009430727023319617;0.01851851851851852;0.01851851851851852;0.01851851851851852;0.01851851851851852;0.2;0
10;251;2;0.01920438957475994;0.03703703703703703;0.03703703703703703;0.03703703703703703;0.03703703703703703;0.4000000000000001;0.25
10;255;1;0.009430727023319617;0.01851851851851852;0.01851851851851852;0.01851851851851852;0.01851851851851852;0.2;0
10;268;1;0.009430727023319617;0.01851851851851852;0.01851851851851852;0.01851851851851852;0.01851851851851852;0.2;0
10;290;1;0.009430727023319617;0.01851851851851852;0.01851851851851852;0.01851851851851852;0.01851851851851852;0.2;0
10;295;1;0.009430727023319617;0.01851851851851852;0.01851851851851852;0.01851851851851852;0.01851851851851852;0.2;0
10;299;1;0.009430727023319617;0.01851851851851852;0.01851851851851852;0.01851851851851852;0.01851851851851852;0.2;0
10;327;1;0.009430727023319617;0.01851851851851852;0.01851851851851852;0.01851851851851852;0.01851851851851852;0.2;0
10;328;1;0.009430727023319617;0.01851851851851852;0.01851851851851852;0.01851851851851852;0.01851851851851852;0.2;0
10;342;1;0.009430727023319617;0.01851851851851852;0.01851851851851852;0.01851851851851852;0.01851851851851852;0.2;0
10;344;1;0.009430727023319617;0.01851851851851852;0.01851851851851852;0.01851851851851852;0.01851851851851852;0.2;0
10;356;1;0.009430727023319617;0.01851851851851852;0.01851851851851852;0.01851851851851852;0.01851851851851852;0.2;0
10;358;1;0.009430727023319617;0.01851851851851852;0.01851851851851852;0.01851851851851852;0.01851851851851852;0.2;0
10;364;1;0.009430727023319617;0.01851851851851852;0.01851851851851852;0.01851851851851852;0.01851851851851852;0.2;0
10;372;1;0.009430727023319617;0.01851851851851852;0.01851851851851852;0.01851851851851852;0.01851851851851852;0.2;0
10;376;1;0.009430727023319617;0.01851851851851852;0.01851851851851852;0.01851851851851852;0.01851851851851852;0.2;0
11;79;1;0.009430727023319617;0.01851851851851852;0.01851851851851852;0.01851851851851852;0.01851851851851852;0.1428571428571428;0
11;85;2;0.01920438957475994;0.03703703703703703;0.03703703703703703;0.03703703703703703;0.03703703703703703;0.2857142857142857;0.1666666666666667
11;86;1;0.009430727023319617;0.01851851851851852;0.01851851851851852;0.01851851851851852;0.01851851851851852;0.1428571428571428;0
11;96;1;0.009430727023319617;0.01851851851851852;0.01851851851851852;0.01851851851851852;0.01851851851851852;0.1428571428571428;0
11;101;1;0.009430727023319617;0.01851851851851852;0.01851851851851852;0.01851851851851852;0.01851851851851852;0.1428571428571428;0
11;104;1;0.009430727023319617;0.01851851851851852;0.01851851851851852;0.01851851851851852;0.01851851851851852;0.1428571428571428;0
11;108;1;0.009430727023319617;0.01851851851851852;0.01851851851851852;0.01851851851851852;0.01851851851851852;0.1428571428571428;0
11;109;1;0.009430727023319617;0.01851851851851852;0.01851851851851852;0.01851851851851852;0.01851851851851852;0.1428571428571428;0
11;117;2;0.01920438957475994;0.03703703703703703;0.03703703703703703;0.03703703703703703;0.03703703703703703;0.2857142857142857;0.1666666666666667
11;119;2;0.01920438957475994;0.03703703703703703;0.03703703703703703;0.03703703703703703;0.03703703703703703;0.2857142857142857;0.1666666666666667
11;144;1;0.009430727023319617;0.01851851851851852;0.01851851851851852;0.01851851851851852;0.01851851851851852;0.1428571428571428;0
11;154;1;0.009430727023319617;0.01851851851851852;0.01851851851851852;0.01851851851851852;0.01851851851851852;0.1428571428571428;0
11;162;1;0.009430727023319617;0.01851851851851852;0.01851851851851852;0.01851851851851852;0.01851851851851852;0.1428571428571428;0
11;166;2;0.01920438957475994;0.03703703703703703;0.03703703703703703;0.03703703703703703;0.03703703703703703;0.2857142857142857;0.1666666666666667
11;167;2;0.01920438957475994;0.03703703703703703;0.03703703703703703;0.03703703703703703;0.03703703703703703;0.2857142857142857;0.1666666666666667
11;168;1;0.009430727023319617;0.01851851851851852;0.01851851851851852;0.01851851851851852;0.01851851851851852;0.1428571428571428;0
11;170;1;0.009430727023319617;0.01851851851851852;0.01851851851851852;0.01851851851851852;0.01851851851851852;0.1428571428571428;0
11;172;1;0.009430727023319617;0.01851851851851852;0.01851851851851852;0.01851851851851852;0.01851851851851852;0.1428571428571428;0
11;201;2;0.01920438957475994;0.03703703703703703;0.03703703703703703;0.03703703703703703;0.03703703703703703;0.2857142857142857;0.1666666666666667
11;214;1;0.009430727023319617;0.01851851851851852;0.01851851851851852;0.01851851851851852;0.01851851851851852;0.1428571428571428;0
11;238;1;0.009430727023319617;0.01851851851851852;0.01851851851851852;0.01851851851851852;0.01851851851851852;0.1428571428571428;0
11;242;3;0.02932098765432099;0.05555555555555555;0.05555555555555555;0.05555555555555555;0.05555555555555555;0.4285714285714285;0.3333333333333333
11;244;3;0.02932098765432099;0.05555555555555555;0.05555555555555555;0.05555555555555555;0.05555555555555555;0.4285714285714285;0.3333333333333333
11;245;5;0.05058299039780521;0.09259259259259259;0.09259259259259259;0.09259259259259259;0.0925925925925926;0.7142857142857143;0.6666666666666666
11;302;1;0.009430727023319617;0.01851851851851852;0.01851851851851852;0.01851851851851852;0.01851851851851852;0.1428571428571428;0
11;312;1;0.009430727023319617;0.01851851851851852;0.01851851851851852;0.01851851851851852;0.01851851851851852;0.1428571428571428;0
11;314;1;0.009430727023319617;0.01851851851851852;0.01851851851851852;0.01851851851851852;0.01851851851851852;0.1428571428571428;0
11;339;1;0.009430727023319617;0.01851851851851852;0.01851851851851852;0.01851851851851852;0.01851851851851852;0.1428571428571428;0
11;356;7;0.07321673525377229;0.1296296296296296;0.1296296296296296;0.1296296296296296;0.1296296296296296;1;1
11;358;4;0.03978052126200274;0.07407407407407407;0.07407407407407407;0.07407407407407407;0.07407407407407407;0.5714285714285714;0.5
11;386;1;0.009430727023319617;0.01851851851851852;0.01851851851851852;0.01851851851851852;0.01851851851851852;0.1428571428571428;0
12;13;1;0.009430727023319617;0.01851851851851852;0.01851851851851852;0.01851851851851852;0.01851851851851852;0.1428571428571428;0
12;40;1;0.009430727023319617;0.01851851851851852;0.01851851851851852;0.01851851851851852;0.01851851851851852;0.1428571428571428;0
12;68;1;0.009430727023319617;0.01851851851851852;0.01851851851851852;0.01851851851851852;0.01851851851851852;0.1428571428571428;0
12;70;1;0.009430727023319617;0.01851851851851852;0.01851851851851852;0.01851851851851852;0.01851851851851852;0.1428571428571428;0
12;84;2;0.01920438957475994;0.03703703703703703;0.03703703703703703;0.03703703703703703;0.03703703703703703;0.2857142857142857;0.1666666666666667
12;95;1;0.009430727023319617;0.01851851851851852;0.01851851851851852;0.01851851851851852;0.01851851851851852;0.1428571428571428;0
12;104;1;0.009430727023319617;0.01851851851851852;0.01851851851851852;0.01851851851851852;0.01851851851851852;0.1428571428571428;0
12;119;4;0.03978052126200274;0.07407407407407407;0.07407407407407407;0.07407407407407407;0.07407407407407407;0.5714285714285714;0.5
12;130;1;0.009430727023319617;0.01851851851851852;0.01851851851851852;0.01851851851851852;0.01851851851851852;0.1428571428571428;0
12;166;2;0.01920438957475994;0.03703703703703703;0.03703703703703703;0.03703703703703703;0.03703703703703703;0.2857142857142857;0.1666666666666667
12;175;1;0.009430727023319617;0.01851851851851852;0.01851851851851852;0.01851851851851852;0.01851851851851852;0.1428571428571428;0
12;198;1;0.009430727023319617;0.01851851851851852;0.01851851851851852;0.01851851851851852;0.01851851851851852;0.1428571428571428;0
12;199;1;0.009430727023319617;0.01851851851851852;0.01851851851851852;0.01851851851851852;0.01851851851851852;0.1428571428571428;0
12;235;1;0.009430727023319617;0.01851851851851852;0.01851851851851852;0.01851851851851852;0.01851851851851852;0.1428571428571428;0
12;240;1;0.009430727023319617;0.01851851851851852;0.01851851851851852;0.01851851851851852;0.01851851851851852;0.1428571428571428;0
12;241;3;0.02932098765432099;0.05555555555555555;0.05555555555555555;0.05555555555555555;0.05555555555555555;0.4285714285714285;0.3333333333333333
12;242;4;0.03978052126200274;0.07407407407407407;0.07407407407407407;0.07407407407407407;0.07407407407407407;0.5714285714285714;0.5
12;243;1;0.009430727023319617;0.01851851851851852;0.01851851851851852;0.01851851851851852;0.01851851851851852;0.1428571428571428;0
12;244;1;0.009430727023319617;0.01851851851851852;0.01851851851851852;0.01851851851851852;0.01851851851851852;0.1428571428571428;0
12;253;1;0.009430727023319617;0.01851851851851852;0.01851851851851852;0.01851851851851852;0.01851851851851852;0.1428571428571428;0
12;255;1;0.009430727023319617;0.01851851851851852;0.01851851851851852;0.01851851851851852;0.01851851851851852;0.1428571428571428;0
12;263;1;0.009430727023319617;0.01851851851851852;0.01851851851851852;0.01851851851851852;0.01851851851851852;0.1428571428571428;0
12;273;1;0.009430727023319617;0.01851851851851852;0.01851851851851852;0.01851851851851852;0.01851851851851852;0.1428571428571428;0
12;300;1;0.009430727023319617;0.01851851851851852;0.01851851851851852;0.01851851851851852;0.01851851851851852;0.1428571428571428;0
12;303;1;0.009430727023319617;0.01851851851851852;0.01851851851851852;0.01851851851851852;0.01851851851851852;0.1428571428571428;0
12;311;1;0.009430727023319617;0.01851851851851852;0.01851851851851852;0.01851851851851852;0.01851851851851852;0.1428571428571428;0
12;313;1;0.009430727023319617;0.01851851851851852;0.01851851851851852;0.01851851851851852;0.01851851851851852;0.1428571428571428;0
12;348;1;0.009430727023319617;0.01851851851851852;0.01851851851851852;0.01851851851851852;0.01851851851851852;0.1428571428571428;0
12;352;1;0.009430727023319617;0.01851851851851852;0.01851851851851852;0.01851851851851852;0.01851851851851852;0.1428571428571428;0
12;356;4;0.03978052126200274;0.07407407407407407;0.07407407407407407;0.07407407407407407;0.07407407407407407;0.5714285714285714;0.5
12;357;1;0.009430727023319617;0.01851851851851852;0.01851851851851852;0.01851851851851852;0.01851851851851852;0.1428571428571428;0
12;358;7;0.07321673525377229;0.1296296296296296;0.1296296296296296;0.1296296296296296;0.1296296296296296;1;1
12;361;1;0.009430727023319617;0.01851851851851852;0.01851851851851852;0.01851851851851852;0.01851851851851852;0.1428571428571428;0
12;369;1;0.009430727023319617;0.01851851851851852;0.01851851851851852;0.01851851851851852;0.01851851851851852;0.1428571428571428;0
12;389;1;0.009430727023319617;0.01851851851851852;0.01851851851851852;0.01851851851851852;0.01851851851851852;0.1428571428571428;0
13;40;1;0.009430727023319617;0.01851851851851852;0.01851851851851852;0.01851851851851852;0.01851851851851852;0.1111111111111111;0
13;54;1;0.009430727023319617;0.01851851851851852;0.01851851851851852;0.01851851851851852;0.01851851851851852;0.1111111111111111;0
13;71;1;0.009430727023319617;0.01851851851851852;0.01851851851851852;0.01851851851851852;0.01851851851851852;0.1111111111111111;0
13;73;2;0.01920438957475994;0.03703703703703703;0.03703703703703703;0.03703703703703703;0.03703703703703703;0.2222222222222222;0.125
13;95;2;0.01920438957475994;0.03703703703703703;0.03703703703703703;0.03703703703703703;0.03703703703703703;0.2222222222222222;0.125
13;98;1;0.009430727023319617;0.01851851851851852;0.01851851851851852;0.01851851851851852;0.01851851851851852;0.1111111111111111;0
13;100;1;0.009430727023319617;0.01851851851851852;0.01851851851851852;0.01851851851851852;0.01851851851851852;0.1111111111111111;0
13;107;5;0.05058299039780521;0.09259259259259259;0.09259259259259259;0.09259259259259259;0.0925925925925926;0.5555555555555556;0.5
13;120;9;0.09722222222222222;0.1666666666666667;0.1666666666666667;0.1666666666666667;0.1666666666666667;1;1
13;121;1;0.009430727023319617;0.01851851851851852;0.01851851851851852;0.01851851851851852;0.01851851851851852;0.1111111111111111;0
13;122;1;0.009430727023319617;0.01851851851851852;0.01851851851851852;0.01851851851851852;0.01851851851851852;0.1111111111111111;0
13;158;1;0.009430727023319617;0.01851851851851852;0.01851851851851852;0.01851851851851852;0.01851851851851852;0.1111111111111111;0
13;164;1;0.009430727023319617;0.01851851851851852;0.01851851851851852;0.01851851851851852;0.01851851851851852;0.1111111111111111;0
13;169;2;0.01920438957475994;0.03703703703703703;0.03703703703703703;0.03703703703703703;0.03703703703703703;0.2222222222222222;0.125
13;176;1;0.009430727023319617;0.01851851851851852;0.01851851851851852;0.01851851851851852;0.01851851851851852;0.1111111111111111;0
13;177;1;0.009430727023319617;0.01851851851851852;0.01851851851851852;0.01851851851851852;0.01851851851851852;0.1111111111111111;0
13;180;1;0.009430727023319617;0.01851851851851852;0.01851851851851852;0.01851851851851852;0.01851851851851852;0.1111111111111111;0
13;185;1;0.009430727023319617;0.01851851851851852;0.01851851851851852;0.01851851851851852;0.01851851851851852;0.1111111111111111;0
13;187;1;0.009430727023319617;0.01851851851851852;0.01851851851851852;0.01851851851851852;0.01851851851851852;0.1111111111111111;0
13;190;1;0.009430727023319617;0.01851851851851852;0.01851851851851852;0.01851851851851852;0.01851851851851852;0.1111111111111111;0
13;212;1;0.009430727023319617;0.01851851851851852;0.01851851851851852;0.01851851851851852;0.01851851851851852;0.1111111111111111;0
13;217;1;0.009430727023319617;0.01851851851851852;0.01851851851851852;0.01851851851851852;0.01851851851851852;0.1111111111111111;0
13;223;1;0.009430727023319617;0.01851851851851852;0.01851851851851852;0.01851851851851852;0.01851851851851852;0.1111111111111111;0
13;224;1;0.009430727023319617;0.01851851851851852;0.01851851851851852;0.01851851851851852;0.01851851851851852;0.1111111111111111;0
13;231;1;0.009430727023319617;0.01851851851851852;0.01851851851851852;0.01851851851851852;0.01851851851851852;0.1111111111111111;0
13;251;6;0.06172839506172839;0.1111111111111111;0.1111111111111111;0.1111111111111111;0.1111111111111111;0.6666666666666666;0.625
13;252;1;0.009430727023319617;0.01851851851851852;0.01851851851851852;0.01851851851851852;0.01851851851851852;0.1111111111111111;0
13;261;1;0.009430727023319617;0.01851851851851852;0.01851851851851852;0.01851851851851852;0.01851851851851852;0.1111111111111111;0
13;287;1;0.009430727023319617;0.01851851851851852;0.01851851851851852;0.01851851851851852;0.01851851851851852;0.1111111111111111;0
13;293;1;0.009430727023319617;0.01851851851851852;0.01851851851851852;0.01851851851851852;0.01851851851851852;0.1111111111111111;0
13;305;1;0.009430727023319617;0.01851851851851852;0.01851851851851852;0.01851851851851852;0.01851851851851852;0.1111111111111111;0
13;319;1;0.009430727023319617;0.01851851851851852;0.01851851851851852;0.01851851851851852;0.01851851851851852;0.1111111111111111;0
13;340;1;0.009430727023319617;0.01851851851851852;0.01851851851851852;0.01851851851851852;0.01851851851851852;0.1111111111111111;0
13;359;1;0.009430727023319617;0.01851851851851852;0.01851851851851852;0.01851851851851852;0.01851851851851852;0.1111111111111111;0
14;8;1;0.009430727023319617;0.01851851851851852;0.01851851851851852;0.01851851851851852;0.01851851851851852;0.1428571428571428;0
14;51;1;0.009430727023319617;0.01851851851851852;0.01851851851851852;0.01851851851851852;0.01851851851851852;0.1428571428571428;0
14;53;1;0.009430727023319617;0.01851851851851852;0.01851851851851852;0.01851851851851852;0.01851851851851852;0.1428571428571428;0
14;71;1;0.009430727023319617;0.01851851851851852;0.01851851851851852;0.01851851851851852;0.01851851851851852;0.1428571428571428;0
14;73;1;0.009430727023319617;0.01851851851851852;0.01851851851851852;0.01851851851851852;0.01851851851851852;0.1428571428571428;0
14;74;1;0.009430727023319617;0.01851851851851852;0.01851851851851852;0.01851851851851852;0.01851851851851852;0.1428571428571428;0
14;82;1;0.009430727023319617;0.01851851851851852;0.01851851851851852;0.01851851851851852;0.01851851851851852;0.1428571428571428;0
14;94;1;0.009430727023319617;0.01851851851851852;0.01851851851851852;0.01851851851851852;0.01851851851851852;0.1428571428571428;0
14;95;1;0.009430727023319617;0.01851851851851852;0.01851851851851852;0.01851851851851852;0.01851851851851852;0.1428571428571428;0
14;96;2;0.01920438957475994;0.03703703703703703;0.03703703703703703;0.03703703703703703;0.03703703703703703;0.2857142857142857;0.1666666666666667
14;107;4;0.03978052126200274;0.07407407407407407;0.07407407407407407;0.07407407407407407;0.07407407407407407;0.5714285714285714;0.5
14;114;7;0.07321673525377229;0.1296296296296296;0.1296296296296296;0.1296296296296296;0.1296296296296296;1;1
14;127;1;0.009430727023319617;0.01851851851851852;0.01851851851851852;0.01851851851851852;0.01851851851851852;0.1428571428571428;0
14;128;1;0.009430727023319617;0.01851851851851852;0.01851851851851852;0.01851851851851852;0.01851851851851852;0.1428571428571428;0
14;149;1;0.009430727023319617;0.01851851851851852;0.01851851851851852;0.01851851851851852;0.01851851851851852;0.1428571428571428;0
14;159;1;0.009430727023319617;0.01851851851851852;0.01851851851851852;0.01851851851851852;0.01851851851851852;0.1428571428571428;0
14;165;2;0.01920438957475994;0.03703703703703703;0.03703703703703703;0.03703703703703703;0.03703703703703703;0.2857142857142857;0.1666666666666667
14;176;1;0.009430727023319617;0.01851851851851852;0.01851851851851852;0.01851851851851852;0.01851851851851852;0.1428571428571428;0
14;177;1;0.009430727023319617;0.01851851851851852;0.01851851851851852;0.01851851851851852;0.01851851851851852;0.1428571428571428;0
14;184;1;0.009430727023319617;0.01851851851851852;0.01851851851851852;0.01851851851851852;0.01851851851851852;0.1428571428571428;0
14;185;2;0.01920438957475994;0.03703703703703703;0.03703703703703703;0.03703703703703703;0.03703703703703703;0.2857142857142857;0.1666666666666667
14;187;1;0.009430727023319617;0.01851851851851852;0.01851851851851852;0.01851851851851852;0.01851851851851852;0.1428571428571428;0
14;189;1;0.009430727023319617;0.01851851851851852;0.01851851851851852;0.01851851851851852;0.01851851851851852;0.1428571428571428;0
14;194;1;0.009430727023319617;0.01851851851851852;0.01851851851851852;0.01851851851851852;0.01851851851851852;0.1428571428571428;0
14;196;1;0.009430727023319617;0.01851851851851852;0.01851851851851852;0.01851851851851852;0.01851851851851852;0.1428571428571428;0
14;238;7;0.07321673525377229;0.1296296296296296;0.1296296296296296;0.1296296296296296;0.1296296296296296;1;1
14;248;1;0.009430727023319617;0.01851851851851852;0.01851851851851852;0.01851851851851852;0.01851851851851852;0.1428571428571428;0
14;285;1;0.009430727023319617;0.01851851851851852;0.01851851851851852;0.01851851851851852;0.01851851851851852;0.1428571428571428;0
14;304;1;0.009430727023319617;0.01851851851851852;0.01851851851851852;0.01851851851851852;0.01851851851851852;0.1428571428571428;0
14;331;1;0.009430727023319617;0.01851851851851852;0.01851851851851852;0.01851851851851852;0.01851851851851852;0.1428571428571428;0
14;338;1;0.009430727023319617;0.01851851851851852;0.01851851851851852;0.01851851851851852;0.01851851851851852;0.1428571428571428;0
14;349;1;0.009430727023319617;0.01851851851851852;0.01851851851851852;0.01851851851851852;0.01851851851851852;0.1428571428571428;0
14;356;1;0.009430727023319617;0.01851851851851852;0.01851851851851852;0.01851851851851852;0.01851851851851852;0.1428571428571428;0
14;383;1;0.009430727023319617;0.01851851851851852;0.01851851851851852;0.01851851851851852;0.01851851851851852;0.1428571428571428;0
14;385;1;0.009430727023319617;0.01851851851851852;0.01851851851851852;0.01851851851851852;0.01851851851851852;0.1428571428571428;0
14;388;1;0.009430727023319617;0.01851851851851852;0.01851851851851852;0.01851851851851852;0.01851851851851852;0.1428571428571428;0
15;13;1;0.009430727023319617;0.01851851851851852;0.01851851851851852;0.01851851851851852;0.01851851851851852;0.2;0
15;16;1;0.009430727023319617;0.01851851851851852;0.01851851851851852;0.01851851851851852;0.01851851851851852;0.2;0
15;20;1;0.009430727023319617;0.01851851851851852;0.01851851851851852;0.01851851851851852;0.01851851851851852;0.2;0
15;39;1;0.009430727023319617;0.01851851851851852;0.01851851851851852;0.01851851851851852;0.01851851851851852;0.2;0
15;46;1;0.009430727023319617;0.01851851851851852;0.01851851851851852;0.01851851851851852;0.01851851851851852;0.2;0
15;52;2;0.01920438957475994;0.03703703703703703;0.03703703703703703;0.03703703703703703;0.03703703703703703;0.4000000000000001;0.25
15;70;1;0.009430727023319617;0.01851851851851852;0.01851851851851852;0.01851851851851852;0.01851851851851852;0.2;0
15;77;1;0.009430727023319617;0.01851851851851852;0.01851851851851852;0.01851851851851852;0.01851851851851852;0.2;0
15;83;1;0.009430727023319617;0.01851851851851852;0.01851851851851852;0.01851851851851852;0.01851851851851852;0.2;0
15;96;4;0.03978052126200274;0.07407407407407407;0.07407407407407407;0.07407407407407407;0.07407407407407407;0.8000000000000002;0.75
15;100;5;0.05058299039780521;0.09259259259259259;0.09259259259259259;0.09259259259259259;0.0925925925925926;1;1
15;103;2;0.01920438957475994;0.03703703703703703;0.03703703703703703;0.03703703703703703;0.03703703703703703;0.4000000000000001;0.25
15;120;3;0.02932098765432099;0.05555555555555555;0.05555555555555555;0.05555555555555555;0.05555555555555555;0.6;0.5
15;135;1;0.009430727023319617;0.01851851851851852;0.01851851851851852;0.01851851851851852;0.01851851851851852;0.2;0
15;138;1;0.009430727023319617;0.01851851851851852;0.01851851851851852;0.01851851851851852;0.01851851851851852;0.2;0
15;145;1;0.009430727023319617;0.01851851851851852;0.01851851851851852;0.01851851851851852;0.01851851851851852;0.2;0
15;163;1;0.009430727023319617;0.01851851851851852;0.01851851851851852;0.01851851851851852;0.01851851851851852;0.2;0
15;165;2;0.01920438957475994;0.03703703703703703;0.03703703703703703;0.03703703703703703;0.03703703703703703;0.4000000000000001;0.25
15;171;1;0.009430727023319617;0.01851851851851852;0.01851851851851852;0.01851851851851852;0.01851851851851852;0.2;0
15;176;1;0.009430727023319617;0.01851851851851852;0.01851851851851852;0.01851851851851852;0.01851851851851852;0.2;0
15;185;3;0.02932098765432099;0.05555555555555555;0.05555555555555555;0.05555555555555555;0.05555555555555555;0.6;0.5
15;197;1;0.009430727023319617;0.01851851851851852;0.01851851851851852;0.01851851851851852;0.01851851851851852;0.2;0
15;220;1;0.009430727023319617;0.01851851851851852;0.01851851851851852;0.01851851851851852;0.01851851851851852;0.2;0
15;231;1;0.009430727023319617;0.01851851851851852;0.01851851851851852;0.01851851851851852;0.01851851851851852;0.2;0
15;237;1;0.009430727023319617;0.01851851851851852;0.01851851851851852;0.01851851851851852;0.01851851851851852;0.2;0
15;252;1;0.009430727023319617;0.01851851851851852;0.01851851851851852;0.01851851851851852;0.01851851851851852;0.2;0
15;255;1;0.009430727023319617;0.01851851851851852;0.01851851851851852;0.01851851851851852;0.01851851851851852;0.2;0
15;257;1;0.009430727023319617;0.01851851851851852;0.01851851851851852;0.01851851851851852;0.01851851851851852;0.2;0
15;258;1;0.009430727023319617;0.01851851851851852;0.01851851851851852;0.01851851851851852;0.01851851851851852;0.2;0
15;261;1;0.009430727023319617;0.01851851851851852;0.01851851851851852;0.01851851851851852;0.01851851851851852;0.2;0
15;275;1;0.009430727023319617;0.01851851851851852;0.01851851851851852;0.01851851851851852;0.01851851851851852;0.2;0
15;305;1;0.009430727023319617;0.01851851851851852;0.01851851851851852;0.01851851851851852;0.01851851851851852;0.2;0
15;324;1;0.009430727023319617;0.01851851851851852;0.01851851851851852;0.01851851851851852;0.01851851851851852;0.2;0
15;342;1;0.009430727023319617;0.01851851851851852;0.01851851851851852;0.01851851851851852;0.01851851851851852;0.2;0
15;350;1;0.009430727023319617;0.01851851851851852;0.01851851851851852;0.01851851851851852;0.01851851851851852;0.2;0
15;353;1;0.009430727023319617;0.01851851851851852;0.01851851851851852;0.01851851851851852;0.01851851851851852;0.2;0
15;356;1;0.009430727023319617;0.01851851851851852;0.01851851851851852;0.01851851851851852;0.01851851851851852;0.2;0
15;368;1;0.009430727023319617;0.01851851851851852;0.01851851851851852;0.01851851851851852;0.01851851851851852;0.2;0
15;372;1;0.009430727023319617;0.01851851851851852;0.01851851851851852;0.01851851851851852;0.01851851851851852;0.2;0
15;377;1;0.009430727023319617;0.01851851851851852;0.01851851851851852;0.01851851851851852;0.01851851851851852;0.2;0
